[{"model": "admin.logentry", "pk": 1, "fields": {"action_time": "2025-05-10T15:12:20.427Z", "user": 1, "content_type": 6, "object_id": "2", "object_repr": "user1", "action_flag": 1, "change_message": "[{\"added\": {}}]"}}, {"model": "admin.logentry", "pk": 2, "fields": {"action_time": "2025-05-10T15:12:57.315Z", "user": 1, "content_type": 6, "object_id": "2", "object_repr": "user1", "action_flag": 2, "change_message": "[{\"changed\": {\"fields\": [\"First name\", \"Last name\"]}}]"}}, {"model": "admin.logentry", "pk": 3, "fields": {"action_time": "2025-05-10T15:13:36.348Z", "user": 1, "content_type": 6, "object_id": "3", "object_repr": "user2", "action_flag": 1, "change_message": "[{\"added\": {}}]"}}, {"model": "admin.logentry", "pk": 4, "fields": {"action_time": "2025-05-10T15:13:47.850Z", "user": 1, "content_type": 6, "object_id": "3", "object_repr": "user2", "action_flag": 2, "change_message": "[{\"changed\": {\"fields\": [\"First name\", \"Last name\"]}}]"}}, {"model": "admin.logentry", "pk": 5, "fields": {"action_time": "2025-05-10T15:14:08.440Z", "user": 1, "content_type": 7, "object_id": "1", "object_repr": "Chat between user1 & user2", "action_flag": 1, "change_message": "[{\"added\": {}}]"}}, {"model": "admin.logentry", "pk": 6, "fields": {"action_time": "2025-05-10T15:15:10.712Z", "user": 1, "content_type": 7, "object_id": "1", "object_repr": "Chat between user1 & user2", "action_flag": 2, "change_message": "[]"}}, {"model": "auth.permission", "pk": 1, "fields": {"name": "Can add log entry", "content_type": 1, "codename": "add_logentry"}}, {"model": "auth.permission", "pk": 2, "fields": {"name": "Can change log entry", "content_type": 1, "codename": "change_logentry"}}, {"model": "auth.permission", "pk": 3, "fields": {"name": "Can delete log entry", "content_type": 1, "codename": "delete_logentry"}}, {"model": "auth.permission", "pk": 4, "fields": {"name": "Can view log entry", "content_type": 1, "codename": "view_logentry"}}, {"model": "auth.permission", "pk": 5, "fields": {"name": "Can add permission", "content_type": 2, "codename": "add_permission"}}, {"model": "auth.permission", "pk": 6, "fields": {"name": "Can change permission", "content_type": 2, "codename": "change_permission"}}, {"model": "auth.permission", "pk": 7, "fields": {"name": "Can delete permission", "content_type": 2, "codename": "delete_permission"}}, {"model": "auth.permission", "pk": 8, "fields": {"name": "Can view permission", "content_type": 2, "codename": "view_permission"}}, {"model": "auth.permission", "pk": 9, "fields": {"name": "Can add group", "content_type": 3, "codename": "add_group"}}, {"model": "auth.permission", "pk": 10, "fields": {"name": "Can change group", "content_type": 3, "codename": "change_group"}}, {"model": "auth.permission", "pk": 11, "fields": {"name": "Can delete group", "content_type": 3, "codename": "delete_group"}}, {"model": "auth.permission", "pk": 12, "fields": {"name": "Can view group", "content_type": 3, "codename": "view_group"}}, {"model": "auth.permission", "pk": 13, "fields": {"name": "Can add content type", "content_type": 4, "codename": "add_contenttype"}}, {"model": "auth.permission", "pk": 14, "fields": {"name": "Can change content type", "content_type": 4, "codename": "change_contenttype"}}, {"model": "auth.permission", "pk": 15, "fields": {"name": "Can delete content type", "content_type": 4, "codename": "delete_contenttype"}}, {"model": "auth.permission", "pk": 16, "fields": {"name": "Can view content type", "content_type": 4, "codename": "view_contenttype"}}, {"model": "auth.permission", "pk": 17, "fields": {"name": "Can add session", "content_type": 5, "codename": "add_session"}}, {"model": "auth.permission", "pk": 18, "fields": {"name": "Can change session", "content_type": 5, "codename": "change_session"}}, {"model": "auth.permission", "pk": 19, "fields": {"name": "Can delete session", "content_type": 5, "codename": "delete_session"}}, {"model": "auth.permission", "pk": 20, "fields": {"name": "Can view session", "content_type": 5, "codename": "view_session"}}, {"model": "auth.permission", "pk": 21, "fields": {"name": "Can add user", "content_type": 6, "codename": "add_user"}}, {"model": "auth.permission", "pk": 22, "fields": {"name": "Can change user", "content_type": 6, "codename": "change_user"}}, {"model": "auth.permission", "pk": 23, "fields": {"name": "Can delete user", "content_type": 6, "codename": "delete_user"}}, {"model": "auth.permission", "pk": 24, "fields": {"name": "Can view user", "content_type": 6, "codename": "view_user"}}, {"model": "auth.permission", "pk": 25, "fields": {"name": "Can add chat room", "content_type": 7, "codename": "add_chatroom"}}, {"model": "auth.permission", "pk": 26, "fields": {"name": "Can change chat room", "content_type": 7, "codename": "change_chatroom"}}, {"model": "auth.permission", "pk": 27, "fields": {"name": "Can delete chat room", "content_type": 7, "codename": "delete_chatroom"}}, {"model": "auth.permission", "pk": 28, "fields": {"name": "Can view chat room", "content_type": 7, "codename": "view_chatroom"}}, {"model": "auth.permission", "pk": 29, "fields": {"name": "Can add message", "content_type": 8, "codename": "add_message"}}, {"model": "auth.permission", "pk": 30, "fields": {"name": "Can change message", "content_type": 8, "codename": "change_message"}}, {"model": "auth.permission", "pk": 31, "fields": {"name": "Can delete message", "content_type": 8, "codename": "delete_message"}}, {"model": "auth.permission", "pk": 32, "fields": {"name": "Can view message", "content_type": 8, "codename": "view_message"}}, {"model": "auth.permission", "pk": 33, "fields": {"name": "Can add booking", "content_type": 9, "codename": "add_booking"}}, {"model": "auth.permission", "pk": 34, "fields": {"name": "Can change booking", "content_type": 9, "codename": "change_booking"}}, {"model": "auth.permission", "pk": 35, "fields": {"name": "Can delete booking", "content_type": 9, "codename": "delete_booking"}}, {"model": "auth.permission", "pk": 36, "fields": {"name": "Can view booking", "content_type": 9, "codename": "view_booking"}}, {"model": "auth.permission", "pk": 37, "fields": {"name": "Can add follow", "content_type": 10, "codename": "add_follow"}}, {"model": "auth.permission", "pk": 38, "fields": {"name": "Can change follow", "content_type": 10, "codename": "change_follow"}}, {"model": "auth.permission", "pk": 39, "fields": {"name": "Can delete follow", "content_type": 10, "codename": "delete_follow"}}, {"model": "auth.permission", "pk": 40, "fields": {"name": "Can view follow", "content_type": 10, "codename": "view_follow"}}, {"model": "contenttypes.contenttype", "pk": 1, "fields": {"app_label": "admin", "model": "logentry"}}, {"model": "contenttypes.contenttype", "pk": 2, "fields": {"app_label": "auth", "model": "permission"}}, {"model": "contenttypes.contenttype", "pk": 3, "fields": {"app_label": "auth", "model": "group"}}, {"model": "contenttypes.contenttype", "pk": 4, "fields": {"app_label": "contenttypes", "model": "contenttype"}}, {"model": "contenttypes.contenttype", "pk": 5, "fields": {"app_label": "sessions", "model": "session"}}, {"model": "contenttypes.contenttype", "pk": 6, "fields": {"app_label": "users", "model": "user"}}, {"model": "contenttypes.contenttype", "pk": 7, "fields": {"app_label": "chat", "model": "chatroom"}}, {"model": "contenttypes.contenttype", "pk": 8, "fields": {"app_label": "chat", "model": "message"}}, {"model": "contenttypes.contenttype", "pk": 9, "fields": {"app_label": "bookings", "model": "booking"}}, {"model": "contenttypes.contenttype", "pk": 10, "fields": {"app_label": "follows", "model": "follow"}}, {"model": "sessions.session", "pk": "9fdv0iplk5o1wtbgfum2lusmlsaoxqde", "fields": {"session_data": ".eJxVjEEOwiAQRe_C2pAOdAq4dN8zkGEYpWpoUtqV8e7apAvd_vfef6lI21ri1mSJU1ZnBer0uyXih9Qd5DvV26x5rusyJb0r-qBNj3OW5-Vw_w4KtfKte8jBD94gWw_oMIk1fA0CDjxlCgzB2CQdGwYzoGfM4lPqiCyiuF69P8v0N6I:1uDlEw:XkYUjuM4CytUBGWZu7GUOub_vBegiTgSEhEkzmcKPho", "expire_date": "2025-05-24T14:31:46.573Z"}}, {"model": "users.user", "pk": 1, "fields": {"password": "pbkdf2_sha256$1000000$9b3CK9a9xC34XPGkuMO5D8$unMetylag+tknjg89IXucfYarc0D5LH4Wx9+sTvfAd4=", "last_login": "2025-05-10T14:31:46.539Z", "is_superuser": true, "username": "lonewolf235", "first_name": "", "last_name": "", "email": "syntalix.ai@gmail.com", "is_staff": true, "is_active": true, "date_joined": "2025-05-10T14:30:12.576Z", "groups": [], "user_permissions": []}}, {"model": "users.user", "pk": 2, "fields": {"password": "pbkdf2_sha256$1000000$PUvb0Y5dHhPfd2TXj4jG9b$Nf/ytOmfTIRmCq7pZ8xSxlEsjNf6zr1W6QIvuoQhuMw=", "last_login": null, "is_superuser": false, "username": "user1", "first_name": "Test User", "last_name": "1", "email": "user1@example.com", "is_staff": false, "is_active": true, "date_joined": "2025-05-10T15:12:20Z", "groups": [], "user_permissions": []}}, {"model": "users.user", "pk": 3, "fields": {"password": "pbkdf2_sha256$1000000$A0Mi2Zm9CJB8QMKpJccsAS$HDAMvTtr/tmhua1udzqsTsy5IuhRaY2sJQWoa1XFTA0=", "last_login": null, "is_superuser": false, "username": "user2", "first_name": "Test User", "last_name": "2", "email": "user2@example.com", "is_staff": false, "is_active": true, "date_joined": "2025-05-10T15:13:35Z", "groups": [], "user_permissions": []}}, {"model": "chat.chatroom", "pk": 1, "fields": {"user1": 2, "user2": 3, "created_at": "2025-05-10T15:14:08.408Z"}}, {"model": "chat.message", "pk": 1, "fields": {"chatroom": 1, "sender": 2, "content": "Hello from user1!", "is_read": false, "timestamp": "2025-05-10T15:15:35.386Z"}}]